lng,lat,date
-117.1563889,32.7152778,1/1/1944 12:00
-80.58972220000001,40.4188889,1/1/1956 5:30
-96.8,32.783333299999995,1/1/1957 21:00
-102.5577778,33.8161111,1/1/1958 22:00
-121.95416670000002,37.3541667,1/1/1961 12:00
-85.265,41.4413889,1/1/1961 13:00
-81.78277779999999,24.555277800000002,1/1/1962 8:00
-112.03527779999999,46.5927778,1/1/1963 22:00
-87.8891667,41.5261111,1/1/1965 17:00
-92.4419444,35.0886111,1/1/1965 20:00
-92.91861109999999,43.3783333,1/1/1965 20:00
-111.65055559999999,35.1980556,1/1/1966 17:00
-74.86527779999999,40.0711111,1/1/1968 0:00
-118.35166670000001,33.887222200000004,1/1/1968 0:00
-92.11916670000001,32.5091667,1/1/1968 21:00
-77.0555556,39.0397222,1/1/1968 23:00
-92.4055556,32.7733333,1/1/1969 20:00
-85.6680556,42.963333299999995,1/1/1970 12:00
-94.5130556,37.084166700000004,1/1/1970 2:00
-79.05,43.1,1/1/1971 1:00
-122.33083329999998,47.6063889,1/1/1972 16:00
-86.5861111,34.730277799999996,1/1/1972 20:00
-85.30972220000001,35.04555560000001,1/1/1973 23:30
-122.2336111,47.381111100000005,1/1/1974 1:00
-112.07333329999999,33.4483333,1/1/1975 12:00
-84.7383333,32.6833333,1/1/1975 19:00
-104.98416670000002,39.7391667,1/1/1975 20:00
-79.2355556,42.0969444,1/1/1975 3:00
-73.72888890000002,40.8005556,1/1/1977 12:00
-74.0063889,40.7141667,1/1/1977 19:30
-118.23916670000001,34.224166700000005,1/1/1977 20:00
-118.00583329999999,33.7591667,1/1/1977 20:00
-116.54666670000002,48.2025,1/1/1978 13:00
-119.07444440000002,37.7797222,1/1/1978 1:00
-117.8522222,33.7877778,1/1/1979 17:00
-118.3875,33.849166700000005,1/1/1979 20:00
-86.1580556,39.7683333,1/1/1980 1:00
-72.6083333,42.148611100000004,1/1/1980 23:30
-116.96166670000001,32.7947222,1/1/1981 0:01
-97.9547222,35.5322222,1/1/1981 1:00
-78.5225,35.1294444,1/1/1982 20:00
-83.62777779999999,42.7919444,1/1/1985 1:00
-82.7875,27.9091667,1/1/1985 21:00
-85.4725,38.3241667,1/1/1986 3:00
-122.0852778,37.694166700000004,1/1/1987 0:00
-90.2416667,29.993888899999998,1/1/1988 17:00
-88.0797222,41.9847222,1/1/1988 3:00
-95.36916670000001,35.959444399999995,1/1/1989 23:59
-90.5916667,34.529444399999996,1/1/1991 21:00
-122.33083329999998,47.6063889,1/1/1992 0:00
-118.41555559999999,33.9191667,1/1/1994 0:00
-74.2458333,41.1133333,1/1/1994 18:00
-119.1761111,34.1975,1/1/1995 10:00
-83.03527779999999,29.1383333,1/1/1995 15:00
-82.1619444,34.1952778,1/1/1995 15:00
-110.9258333,32.2216667,1/1/1995 21:00
-72.39,40.8841667,1/1/1995 23:00
-122.46833329999998,37.5027778,1/1/1995 2:00
-82.4436111,34.9675,1/1/1995 6:00
-117.1563889,32.7152778,1/1/1996 12:00
-124.20055559999999,41.756111100000005,1/1/1996 1:30
-78.6055556,34.6291667,1/1/1996 21:00
-122.33083329999998,47.6063889,1/1/1996 23:00
-80.4475,25.0861111,1/1/1996 3:30
-112.07333329999999,33.4483333,1/1/1997 19:30
-98.7080556,46.9105556,1/1/1997 7:00
-95.4569444,37.6791667,1/1/1997 7:00
-91.1544444,30.450555600000005,1/1/1998 13:00
-75.4905556,40.6083333,1/1/1998 1:42
-88.305,37.4458333,1/1/1998 2:00
-156.2275,20.908333300000002,1/1/1998 4:00
-74.03277779999999,40.743888899999995,1/1/1998 6:00
-79.9961111,40.4405556,1/1/1998 7:30
-79.7627778,34.1952778,1/1/1999 14:00
-80.9738889,32.0033333,1/1/1999 17:15
-121.30166670000001,38.5891667,1/1/1999 23:59
-121.41666670000001,39.311944399999994,1/1/1999 2:30
-74.0063889,40.7141667,1/1/2000 0:01
-118.2427778,34.0522222,1/1/2000 0:03
-117.1563889,32.7152778,1/1/2000 0:23
-87.9019444,42.3702778,1/1/2000 14:45
-122.41833329999999,37.775,1/1/2000 16:20
-122.87444440000002,42.326666700000004,1/1/2000 17:00
-95.3630556,29.763055600000005,1/1/2000 20:30
-89.09527779999999,38.7552778,1/1/2000 21:00
-95.3630556,29.763055600000005,1/1/2000 21:35
-87.5558333,37.9747222,1/1/2000 22:00
-92.0358333,29.958055600000005,1/1/2000 23:00
-83.75972220000001,40.3611111,1/1/2000 3:00
-119.70194440000002,36.8252778,1/1/2000 5:00
-111.65055559999999,35.1980556,1/1/2001 0:00
-81.95,28.039166700000003,1/1/2001 0:01
-121.7722222,38.678611100000005,1/1/2001 0:02
-117.3786111,33.1958333,1/1/2001 18:00
-69.5877778,44.2219444,1/1/2001 19:00
-121.49333329999999,38.5816667,1/1/2001 1:00
-118.2427778,34.0522222,1/1/2001 20:30
-122.95,49.25,1/1/2001 22:00
-73.8916667,41.2083333,1/1/2001 22:00
-93.4091667,38.6202778,1/1/2001 22:00
-96.2133333,35.943611100000005,1/1/2001 22:00
-121.7722222,38.678611100000005,1/1/2001 22:07
-80.2325,25.9869444,1/1/2001 22:30
-122.19944440000002,47.610555600000005,1/1/2001 7:30
-75.1641667,39.9522222,1/1/2002 14:10
-106.4863889,31.758611100000003,1/1/2002 19:00
-95.8488889,31.5847222,1/1/2002 22:00
-115.1363889,36.175,1/1/2002 22:30
-80.1161111,35.6333333,1/1/2002 23:00
-73.6883333,40.735,1/1/2002 4:45
-118.30805559999999,34.180833299999996,1/1/2003 0:01
-118.30805559999999,34.180833299999996,1/1/2003 0:05
-118.30805559999999,34.180833299999996,1/1/2003 0:05
-122.03916670000001,38.2383333,1/1/2003 0:15
-116.99805559999999,32.7447222,1/1/2003 0:25
-89.52638890000001,43.313888899999995,1/1/2003 0:30
-121.8938889,37.3394444,1/1/2003 12:00
-95.3630556,29.763055600000005,1/1/2003 13:00
-122.41833329999999,37.775,1/1/2003 15:00
-122.78333300000001,49.266667,1/1/2003 19:30
-98.22972220000001,26.203055600000003,1/1/2003 1:15
-80.5616667,35.89388889999999,1/1/2003 1:30
-97.51611109999999,35.4675,1/1/2003 23:30
-85.6591667,40.5583333,1/1/2003 23:43
-95.8905556,41.1366667,1/1/2003 2:00
-68.67944440000001,44.7527778,1/1/2003 2:30
-120.64027779999999,35.1427778,1/1/2003 5:00
-94.28138890000001,39.01694439999999,1/1/2003 5:15
-117.1122222,32.5838889,1/1/2003 6:00
-114.6236111,32.7252778,1/1/2003 9:20
-151.2583333,60.5544444,1/1/2004 0:00
-116.99805559999999,32.7447222,1/1/2004 0:00
-118.01111110000001,33.9172222,1/1/2004 0:10
-83.92527779999999,34.185,1/1/2004 15:30
-84.3880556,33.7488889,1/1/2004 17:30
-122.93694440000002,46.1383333,1/1/2004 17:38
-71.0602778,42.3583333,1/1/2004 2:00
-118.37805559999998,34.1722222,1/1/2005 0:00
-82.0625,29.055,1/1/2005 0:02
-115.1363889,36.175,1/1/2005 0:05
-117.92444440000001,33.8702778,1/1/2005 0:15
-81.035,34.000555600000006,1/1/2005 13:45
-82.45861109999998,27.947222200000002,1/1/2005 17:30
-80.5630556,40.6130556,1/1/2005 19:00
-87.65,41.85,1/1/2005 1:45
-121.6947222,37.9319444,1/1/2005 1:49
-84.98777779999999,32.4608333,1/1/2005 21:00
-112.07333329999999,33.4483333,1/1/2005 23:00
-124.155,46.9738889,1/1/2005 3:00
-122.41833329999999,37.775,1/1/2006 0:06
-106.65055559999999,35.084444399999995,1/1/2006 17:00
-114.84888889999999,34.083611100000006,1/1/2006 22:30
-115.16944440000002,34.2766667,1/1/2006 22:30
-122.766667,53.916667000000004,1/1/2006 23:00
-80.966667,46.5,1/1/2006 5:00
-75.52472220000001,39.158055600000004,1/1/2007 0:00
-122.81527779999999,38.5472222,1/1/2007 0:00
-122.81527779999999,38.5472222,1/1/2007 0:01
-122.81527779999999,38.5472222,1/1/2007 0:01
-117.6888889,34.0775,1/1/2007 0:06
-122.81527779999999,38.5472222,1/1/2007 0:10
-92.4452778,42.5277778,1/1/2007 0:11
-81.94972220000001,26.5625,1/1/2007 0:20
-74.90638890000001,38.935,1/1/2007 13:00
-73.4175,40.6788889,1/1/2007 14:00
-117.1563889,32.7152778,1/1/2007 14:00
-82.67944440000001,27.770555600000005,1/1/2007 15:00
-87.2388889,41.575,1/1/2007 15:00
-80.30888890000001,25.908333300000002,1/1/2007 16:30
-100.4991667,28.708888899999998,1/1/2007 18:08
-93.2391667,33.26694439999999,1/1/2007 19:00
-87.65,41.85,1/1/2007 19:00
-123.0338889,44.9430556,1/1/2007 19:30
-87.94,41.955,1/1/2007 1:00
-74.95777779999999,40.0322222,1/1/2007 1:30
-87.7175,41.6252778,1/1/2007 20:21
-78.1938889,38.4213889,1/1/2007 21:30
-114.32166670000001,34.4838889,1/1/2007 21:45
-86.8025,33.5205556,1/1/2007 23:30
-80.1938889,25.7738889,1/1/2007 2:00
-79.23777779999999,40.243055600000005,1/1/2007 2:00
-74.0063889,40.7141667,1/1/2007 3:00
-118.1436111,34.1477778,1/1/2007 8:00
-118.30805559999999,34.180833299999996,1/1/2008 0:00
-118.30805559999999,34.180833299999996,1/1/2008 0:00
-116.96166670000001,32.7947222,1/1/2008 0:01
-115.1363889,36.175,1/1/2008 0:02
-121.9875,37.548333299999996,1/1/2008 0:03
-121.8047222,38.005,1/1/2008 0:05
-162.45944440000002,60.8969444,1/1/2008 0:08
-118.30805559999999,34.180833299999996,1/1/2008 0:15
-81.5216667,40.7966667,1/1/2008 0:15
-117.1563889,32.7152778,1/1/2008 0:20
-89.87388890000001,35.20444439999999,1/1/2008 0:30
-117.1563889,32.7152778,1/1/2008 0:30
-117.1563889,32.7152778,1/1/2008 0:30
-117.27333329999999,32.8472222,1/1/2008 0:40
-119.69722220000001,34.4208333,1/1/2008 11:00
-117.1563889,32.7152778,1/1/2008 12:30
-82.325,29.651388899999997,1/1/2008 17:00
-122.33083329999998,47.6063889,1/1/2008 17:15
-82.7197222,28.271388899999998,1/1/2008 18:00
-82.325,29.651388899999997,1/1/2008 18:30
-80.9113889,34.8527778,1/1/2008 19:00
-121.28,38.707222200000004,1/1/2008 1:00
-75.65,45.483333,1/1/2008 1:30
-82.35416670000001,31.2133333,1/1/2008 1:45
-97.1463889,31.5491667,1/1/2008 20:00
-96.6691667,33.7591667,1/1/2008 20:30
-90.9719444,30.302777799999998,1/1/2008 21:00
-88.9936111,40.4841667,1/1/2008 23:00
-82.325,29.651388899999997,1/1/2008 3:00
-82.6016667,34.8297222,1/1/2008 6:10
-81.6558333,30.331944399999998,1/1/2008 8:30
-118.1155556,34.57944439999999,1/1/2009 0:00
-82.5730556,28.5152778,1/1/2009 0:00
-116.99805559999999,32.7447222,1/1/2009 0:01
-118.5972222,34.201111100000006,1/1/2009 0:05
-95.3008333,32.351111100000004,1/1/2009 0:10
-81.3794444,28.538055600000003,1/1/2009 0:12
-116.96166670000001,32.7947222,1/1/2009 0:15
-90.92,30.238333299999997,1/1/2009 0:15
-117.1563889,32.7152778,1/1/2009 0:15
-89.233333,48.4,1/1/2009 0:15
-117.1563889,32.7152778,1/1/2009 0:20
-79.81388890000001,35.7077778,1/1/2009 17:00
-90.04888890000001,35.14944439999999,1/1/2009 18:00
-121.5511111,39.095555600000004,1/1/2009 19:00
-72.7461111,41.6213889,1/1/2009 19:00
-122.03,37.978055600000005,1/1/2009 19:00
-85.33555559999999,40.8291667,1/1/2009 19:00
-82.575,27.498611100000005,1/1/2009 1:10
-161.7558333,60.792222200000005,1/1/2009 1:15
-80.0736111,34.3738889,1/1/2009 20:53
-117.39527779999999,33.9533333,1/1/2009 22:00
-85.3419444,37.3433333,1/1/2009 23:00
-80.0055556,35.955555600000004,1/1/2009 23:15
-84.4569444,39.161944399999996,1/1/2009 2:00
-117.03055559999999,32.7425,1/1/2010 0:00
-86.04638890000001,37.093888899999996,1/1/2010 0:00
-112.04694440000002,33.0580556,1/1/2010 0:00
-90.1977778,38.6272222,1/1/2010 0:00
-117.0222222,32.7677778,1/1/2010 0:00
-116.96166670000001,32.7947222,1/1/2010 0:00
-119.77138889999999,36.7477778,1/1/2010 0:00
-116.96166670000001,32.7947222,1/1/2010 0:00
-117.02916670000002,32.6577778,1/1/2010 0:00
-92.5866667,34.5644444,1/1/2010 0:00
-123.32722220000001,42.4391667,1/1/2010 0:00
-116.96166670000001,32.7947222,1/1/2010 0:01
-116.99805559999999,32.7447222,1/1/2010 0:01
-150.0375,61.74722220000001,1/1/2010 0:01
-121.8047222,38.005,1/1/2010 0:03
-116.96166670000001,32.7947222,1/1/2010 0:03
-81.795,26.1416667,1/1/2010 0:04
-117.0222222,32.7677778,1/1/2010 0:10
-117.0983333,32.67805560000001,1/1/2010 0:20
-149.90027780000003,61.2180556,1/1/2010 0:20
-80.08333329999999,26.358333299999998,1/1/2010 0:24
-104.6080556,38.9330556,1/1/2010 0:24
-86.57055559999999,30.761944399999997,1/1/2010 0:25
-106.81694440000001,39.1911111,1/1/2010 0:30
-88.5994444,42.531111100000004,1/1/2010 0:40
-150.0375,61.74722220000001,1/1/2010 12:01
-117.1563889,32.7152778,1/1/2010 12:02
-71.07777779999999,42.7761111,1/1/2010 13:00
-118.1436111,34.1477778,1/1/2010 17:20
-106.65055559999999,35.084444399999995,1/1/2010 18:00
-82.9483333,30.518055600000004,1/1/2010 18:30
-119.01777779999999,35.3733333,1/1/2010 19:00
-117.1563889,32.7152778,1/1/2010 1:00
-124.01666670000002,44.9583333,1/1/2011 0:00
-76.3555556,39.4577778,1/1/2011 0:00
-83.3772222,42.4852778,1/1/2011 0:00
-80.3447222,39.28055560000001,1/1/2011 0:00
-82.79138890000002,27.839444399999994,1/1/2011 0:01
-77.25,38.658055600000004,1/1/2011 0:02
-117.18166670000001,34.055555600000005,1/1/2011 0:05
-82.81222220000001,39.9547222,1/1/2011 0:07
-111.89027779999999,40.7608333,1/1/2011 0:07
-105.52083329999999,38.7511111,1/1/2011 0:10
-82.575,27.498611100000005,1/1/2011 0:11
-87.75805559999999,41.7108333,1/1/2011 0:13
-95.8241667,29.785555600000006,1/1/2011 0:15
-66.06666700000001,45.266667,1/1/2011 0:20
-87.9858333,41.4225,1/1/2011 0:30
-81.3794444,28.538055600000003,1/1/2011 0:30
-121.9597222,45.3283333,1/1/2011 0:30
-82.79138890000002,27.839444399999994,1/1/2011 0:35
-80.1938889,25.7738889,1/1/2011 0:38
-111.89027779999999,40.7608333,1/1/2011 0:55
-114.6236111,32.7252778,1/1/2011 14:00
-88.81388890000001,35.6144444,1/1/2011 17:00
-97.33722220000001,37.6922222,1/1/2011 17:00
-81.77305559999999,28.5491667,1/1/2011 1:00
-80.1938889,25.7738889,1/1/2011 1:00
-91.53805559999999,36.52444439999999,1/1/2011 1:00
-97.4841667,41.6916667,1/1/2011 20:00
-81.633333,44.166667,1/1/2011 20:45
-95.2008333,29.5291667,1/1/2011 20:45
-82.5308333,27.336111100000004,1/1/2011 22:00
-75.13027779999999,40.31,1/1/2011 22:27
-75.13027779999999,40.31,1/1/2011 22:30
-95.0947222,29.5072222,1/1/2011 5:15
-117.21305559999999,33.5538889,1/1/2011 7:25
-81.3794444,28.538055600000003,1/1/2011 9:30
-112.07333329999999,33.4483333,1/1/2012 0:00
-76.9680556,39.373611100000005,1/1/2012 0:00
-73.4458333,40.7325,1/1/2012 0:00
-90.5363889,38.4588889,1/1/2012 0:00
-149.90027780000003,61.2180556,1/1/2012 0:01
-122.33083329999998,47.6063889,1/1/2012 0:01
-122.29055559999999,48.068611100000005,1/1/2012 0:01
-84.55,33.9525,1/1/2012 0:03
-97.6786111,30.508055600000006,1/1/2012 0:04
-117.0222222,32.7677778,1/1/2012 0:05
-81.77888890000001,26.339444399999994,1/1/2012 0:05
-117.0222222,32.7677778,1/1/2012 0:06
-82.0908333,26.975833299999998,1/1/2012 0:10
-94.2394444,34.586111100000004,1/1/2012 0:10
-91.2394444,43.8013889,1/1/2012 0:10
-119.01777779999999,35.3733333,1/1/2012 0:10
-122.0625,48.0152778,1/1/2012 0:11
-81.3933333,30.294444399999996,1/1/2012 0:12
-87.65,41.85,1/1/2012 0:13
-76.9680556,39.373611100000005,1/1/2012 0:15
-111.92888889999999,40.5622222,1/1/2012 0:15
-84.26388890000001,39.26888889999999,1/1/2012 0:15
-111.97027779999999,41.0602778,1/1/2012 0:15
-52.666667000000004,47.55,1/1/2012 0:15
-73.2125,44.4758333,1/1/2012 0:15
-79.7,44.383333,1/1/2012 0:15
-122.29666670000002,40.4483333,1/1/2012 0:15
-81.1875,35.2619444,1/1/2012 0:15
-71.1,42.3875,1/1/2012 0:18
-80.1938889,25.7738889,1/1/2012 0:25
-74.0063889,40.7141667,1/1/2012 0:25
-76.7794444,39.006666700000004,1/1/2012 0:30
-85.7594444,38.2541667,1/1/2012 0:30
-74.0063889,40.7141667,1/1/2012 0:38
-82.45861109999998,27.947222200000002,1/1/2012 0:45
-120.41916670000002,46.4477778,1/1/2012 12:00
-75.83361109999998,39.6066667,1/1/2012 12:03
-111.89027779999999,40.7608333,1/1/2012 12:05
-121.61583329999999,39.140555600000006,1/1/2012 12:08
-79.1425,37.413611100000004,1/1/2012 12:10
-79.9961111,40.4405556,1/1/2012 12:15
-77.86027779999999,40.7933333,1/1/2012 12:20
-122.40666670000002,37.6547222,1/1/2012 15:00
-107.75805559999999,32.2686111,1/1/2012 17:43
-118.3875,33.849166700000005,1/1/2012 18:00
-80.7422222,28.385833299999998,1/1/2012 19:00
-121.49333329999999,38.5816667,1/1/2012 19:20
-149.90027780000003,61.2180556,1/1/2012 19:30
-118.34194440000002,46.0647222,1/1/2012 19:30
-81.4025,40.8758333,1/1/2012 19:50
-81.38027779999999,30.2272222,1/1/2012 1:00
-81.3858333,30.239444399999996,1/1/2012 1:00
-84.5086111,35.8808333,1/1/2012 1:00
-111.1761111,45.7761111,1/1/2012 1:00
-82.6033333,38.1141667,1/1/2012 20:00
-73.5255556,40.7683333,1/1/2012 21:00
-73.5255556,40.7683333,1/1/2012 21:00
-79.9405556,32.655,1/1/2012 22:01
-122.54916670000001,47.235833299999996,1/1/2012 22:45
-95.3630556,29.763055600000005,1/1/2012 23:00
-80.605,28.405555600000003,1/1/2012 2:45
-114.9811111,36.0397222,1/1/2012 8:52
-122.48694440000001,48.7597222,1/1/2013 0:00
-82.7194444,28.243888899999998,1/1/2013 0:00
-77.46055559999999,37.553611100000005,1/1/2013 0:00
-106.6638889,35.2333333,1/1/2013 0:00
-122.675,45.523611100000004,1/1/2013 0:01
-88.82777779999999,30.411111100000003,1/1/2013 0:02
-120.99583329999999,37.639166700000004,1/1/2013 0:04
-122.27166670000001,37.8716667,1/1/2013 0:05
-81.8069444,26.4377778,1/1/2013 0:05
-121.8938889,37.3394444,1/1/2013 0:05
-76.9680556,39.373611100000005,1/1/2013 0:05
-108.5,45.783333299999995,1/1/2013 0:07
-74.8522222,40.10055560000001,1/1/2013 0:07
-102.3672222,31.845555600000004,1/1/2013 0:08
-87.90638890000001,43.038888899999996,1/1/2013 0:10
-75.49722220000001,40.686111100000005,1/1/2013 0:10
-80.0944444,26.933888899999996,1/1/2013 0:10
-121.2897222,37.9577778,1/1/2013 0:10
-82.7197222,28.271388899999998,1/1/2013 0:12
-117.67,35.6225,1/1/2013 0:13
-72.3472222,43.3766667,1/1/2013 0:15
-82.7075,34.8833333,1/1/2013 0:15
-82.69972220000001,27.8425,1/1/2013 0:15
-96.53805559999999,32.639444399999995,1/1/2013 0:15
-76.7280556,39.9625,1/1/2013 0:15
-97.32055559999999,32.7252778,1/1/2013 0:20
-79.416667,43.666667,1/1/2013 0:20
-80.1938889,25.7738889,1/1/2013 0:25
-116.3736111,33.7222222,1/1/2013 0:30
-108.21805559999999,36.728055600000005,1/1/2013 0:37
-81.0561111,29.285555600000006,1/1/2013 0:37
-118.18833329999998,33.76694439999999,1/1/2013 0:38
-82.28611109999999,27.9375,1/1/2013 0:55
-121.49333329999999,38.5816667,1/1/2013 13:10
-79.9961111,40.4405556,1/1/2013 16:30
-156.6825,20.8783333,1/1/2013 18:45
-82.5308333,27.336111100000004,1/1/2013 19:00
-121.2897222,37.9577778,1/1/2013 19:15
-87.65,41.85,1/1/2013 1:00
-145.7322222,64.03777779999999,1/1/2013 1:00
-156.50472219999997,20.8911111,1/1/2013 1:00
-121.37055559999999,38.408888899999994,1/1/2013 1:10
-113.58333329999999,37.1041667,1/1/2013 1:15
-119.3463889,36.2077778,1/1/2013 1:15
-122.93694440000002,46.1383333,1/1/2013 1:30
-111.89916670000001,40.6111111,1/1/2013 1:35
-75.73111109999999,40.18,1/1/2013 20:00
-122.94083329999998,40.73111110000001,1/1/2013 20:01
-112.9977778,37.188888899999995,1/1/2013 20:30
-81.3794444,28.538055600000003,1/1/2013 20:35
-117.9136111,33.8352778,1/1/2013 21:00
-157.8583333,21.3069444,1/1/2013 21:25
-82.7194444,28.243888899999998,1/1/2013 21:27
-111.71666670000002,33.6116667,1/1/2013 21:50
-82.0758333,33.5172222,1/1/2013 23:00
-122.33083329999998,47.6063889,1/1/2013 2:45
-81.3933333,30.294444399999996,1/1/2013 6:04
-72.4591667,43.0677778,1/1/2013 7:25
-80.05722220000001,26.615555600000004,1/1/2013 8:00
-120.30916670000002,47.4236111,1/1/2014 0:00
-86.60888890000001,33.6197222,1/1/2014 0:00
-105.5725,36.4072222,1/1/2014 0:00
-123.02083329999999,44.0463889,1/1/2014 0:00
-123.10055559999999,48.0797222,1/1/2014 0:00
-121.49333329999999,38.5816667,1/1/2014 0:00
-117.22972220000001,33.9375,1/1/2014 0:00
-92.0197222,30.223888899999995,1/1/2014 0:00
-115.1363889,36.175,1/1/2014 0:00
-84.16888890000001,39.6894444,1/1/2014 0:00
-84.8408333,33.9236111,1/1/2014 0:00
-86.78277779999999,36.033055600000004,1/1/2014 0:00
-119.01777779999999,35.3733333,1/1/2014 0:00
-97.7427778,30.266944399999996,1/1/2014 0:00
-121.90555559999999,37.4283333,1/1/2014 0:00
-87.3594444,36.5297222,1/1/2014 0:01
-114.9811111,36.0397222,1/1/2014 0:01
-123.0338889,44.9430556,1/1/2014 0:01
-106.4863889,31.758611100000003,1/1/2014 0:02
-80.03277779999999,32.9808333,1/1/2014 0:02
-79.86277779999999,32.7938889,1/1/2014 0:05
-117.2383333,47.673333299999996,1/1/2014 0:05
-79.5069444,36.1027778,1/1/2014 0:05
-104.8208333,38.8338889,1/1/2014 0:05
-97.7427778,30.266944399999996,1/1/2014 0:05
-106.65055559999999,35.084444399999995,1/1/2014 0:05
-81.6558333,30.331944399999998,1/1/2014 0:06
-81.26388890000001,28.900277799999998,1/1/2014 0:07
-77.945,34.22555560000001,1/1/2014 0:10
-81.8363889,38.3855556,1/1/2014 0:10
-121.76694440000001,37.6819444,1/1/2014 0:10
-120.99583329999999,37.639166700000004,1/1/2014 0:10
-81.26388890000001,28.900277799999998,1/1/2014 0:10
-78.47694440000001,38.029166700000005,1/1/2014 0:10
-84.0194444,39.8208333,1/1/2014 0:10
-73.60972220000001,40.656388899999996,1/1/2014 0:12
-121.1286111,37.4716667,1/1/2014 0:12
-123.0338889,44.9430556,1/1/2014 0:15
-82.3280556,28.239444399999996,1/1/2014 0:15
-111.65416670000002,40.115,1/1/2014 0:15
-80.1322222,26.171944399999997,1/1/2014 0:15
-116.2025,43.6136111,1/1/2014 0:15
-117.56555559999998,33.8752778,1/1/2014 0:15
-118.30805559999999,34.180833299999996,1/1/2014 0:15
-85.7694444,39.785,1/1/2014 0:15
-75.13972220000001,38.77444439999999,1/1/2014 0:18
-85.8663889,33.9980556,1/1/2014 0:20
-79.9416667,37.2708333,1/1/2014 0:20
-121.95416670000002,37.3541667,1/1/2014 0:20
-112.3575,33.4352778,1/1/2014 0:24
-82.4505556,28.555555600000005,1/1/2014 0:25
-82.14027779999999,29.186944399999994,1/1/2014 0:30
-118.04583329999998,34.0519444,1/1/2014 0:30
-82.575,27.498611100000005,1/1/2014 0:30
-77.30666670000001,38.8461111,1/1/2014 0:30
-97.32055559999999,32.7252778,1/1/2014 0:47
-108.35916670000002,36.7341667,1/1/2014 0:50
-118.53555559999998,34.201111100000006,1/1/2014 0:53
-117.86944440000002,33.8722222,1/1/2014 17:00
-70.4447222,43.679444399999994,1/1/2014 17:15
-117.13361110000001,34.07,1/1/2014 17:47
-121.5672222,37.0058333,1/1/2014 17:50
-75.1641667,39.9522222,1/1/2014 18:00
-88.05027779999999,41.7469444,1/1/2014 18:30
-117.1563889,32.7152778,1/1/2014 18:46
-113.94388889999999,33.6797222,1/1/2014 19:00
-79.9961111,40.4405556,1/1/2014 19:30
-71.0602778,42.3583333,1/1/2014 19:45
-110.9258333,32.2216667,1/1/2014 1:00
-81.625,26.625,1/1/2014 1:00
-74.3838889,40.6408333,1/1/2014 1:00
-111.84055559999999,33.3061111,1/1/2014 1:00
-80.08333329999999,26.358333299999998,1/1/2014 1:00
-111.795,40.3769444,1/1/2014 1:00
-106.65055559999999,35.084444399999995,1/1/2014 1:00
-79.86277779999999,32.7938889,1/1/2014 1:00
-72.15,45.666667,1/1/2014 1:00
-117.3263889,33.6680556,1/1/2014 1:30
-82.575,27.498611100000005,1/1/2014 1:45
-85.7594444,38.2541667,1/1/2014 20:00
-79.9961111,40.4405556,1/1/2014 20:15
-81.34138890000001,35.73305560000001,1/1/2014 20:30
-111.3,47.5002778,1/1/2014 21:00
-117.425,47.658888899999994,1/1/2014 21:30
-75.0930556,39.8783333,1/1/2014 22:00
-84.4569444,39.161944399999996,1/1/2014 22:15
-78.6802778,33.8158333,1/1/2014 23:00
-110.9258333,32.2216667,1/1/2014 23:00
-117.0222222,32.7677778,1/1/2014 3:00
-95.4558333,30.3116667,1/10/1947 20:00
-122.40666670000002,37.6547222,1/10/1959 18:30
-122.31055559999999,37.915833299999996,1/10/1964 20:00
-105.3,55.1,1/10/1971 20:00
-122.766667,53.916667000000004,1/10/1976 18:00
-70.9483333,42.9813889,1/10/1980 0:00
-117.86444440000001,34.1361111,1/10/1981 20:30
-95.0619444,29.9116667,1/10/1983 20:00
-115.56222220000001,32.7919444,1/10/1987 17:00
-90.0144444,40.9225,1/10/1988 22:10
-74.86277779999999,39.77638889999999,1/10/1989 23:00
-117.1563889,32.7152778,1/10/1989 23:30
-90.0366667,32.6125,1/10/1991 2:15
-76.4969444,42.4405556,1/10/1993 0:30
-81.5563889,41.52,1/10/1995 21:00
-82.99888890000001,39.961111100000004,1/10/1997 22:00
-67.6155556,44.519722200000004,1/10/1998 10:00
-122.63138889999999,47.5675,1/10/1998 17:00
-83.9508333,43.419444399999996,1/10/1998 22:10
-96.8,32.783333299999995,1/10/1999 17:45
-75.75,39.6836111,1/10/1999 19:00
-73.37138890000001,41.818611100000005,1/10/1999 19:00
-65.9613889,18.1913889,1/10/1999 1:00
-97.39611109999998,27.8002778,1/10/1999 20:30
-121.62083329999999,39.7597222,1/10/1999 3:00
-118.2427778,34.0522222,1/10/1999 8:30
-96.35416670000001,36.1333333,1/10/2000 19:15
-83.5619444,35.868055600000005,1/10/2000 20:30
-95.4558333,30.3116667,1/10/2000 21:00
-117.1563889,32.7152778,1/10/2000 21:30
-80.0852778,42.1291667,1/10/2000 22:00
-86.78277779999999,36.033055600000004,1/10/2000 9:15
-79.4008333,36.0688889,1/10/2001 12:10
-71.6375,42.381111100000005,1/10/2001 15:00
-69.37611109999999,44.0952778,1/10/2001 16:30
-122.48694440000001,48.7597222,1/10/2001 17:15
-118.21305559999999,34.1388889,1/10/2001 18:20
-89.8166667,43.970555600000004,1/10/2001 19:36
-89.09388890000001,42.271111100000006,1/10/2001 21:30
-82.5166667,35.466111100000006,1/10/2001 5:13
-86.5094444,41.7002778,1/10/2001 6:00
-74.033333,45.4,1/10/2001 6:45
-75.2741667,39.9283333,1/10/2002 17:30
-111.84055559999999,33.3061111,1/10/2002 21:50
-111.71666670000002,33.6116667,1/10/2002 3:00
-75.69277779999999,38.2027778,1/10/2003 10:00
-112.08333329999999,38.7725,1/10/2003 10:00
-89.2166667,37.7272222,1/10/2003 17:00
-73.2094444,41.544444399999996,1/10/2003 18:30
-68.64583329999999,44.9341667,1/10/2003 18:40
-81.7197222,33.5602778,1/10/2003 19:30
-93.7411111,36.086111100000004,1/10/2003 20:00
-122.89944440000001,47.03805560000001,1/10/2003 20:00
-118.30805559999999,34.180833299999996,1/10/2003 21:45
-86.84361109999999,34.1747222,1/10/2003 22:00
-77.17138890000001,38.8822222,1/10/2003 23:00
-63.483332999999995,46.216667,1/10/2003 23:15
-78.6905556,43.17055560000001,1/10/2003 4:45
-75.5983333,39.7391667,1/10/2004 17:35
-90.18472220000001,32.2986111,1/10/2004 18:00
-90.18472220000001,32.2986111,1/10/2004 18:00
-73.05111109999999,41.485833299999996,1/10/2004 19:15
-87.91666670000001,34.5966667,1/10/2004 19:30
-84.5930556,35.4427778,1/10/2004 21:30
-73.9977778,40.9275,1/10/2004 5:50
-80.1869444,25.889722199999998,1/10/2004 6:15
-85.1288889,41.1305556,1/10/2004 7:30
-81.1,32.0833333,1/10/2005 10:15
-124.01666670000002,44.9583333,1/10/2005 18:00
-122.19944440000002,47.610555600000005,1/10/2005 18:45
-75.1719444,39.2375,1/10/2005 19:00
-85.1469444,43.7525,1/10/2005 19:18
-95.3630556,29.763055600000005,1/10/2005 19:22
-81.0905556,24.713333300000002,1/10/2005 21:30
-117.27333329999999,32.8472222,1/10/2005 22:00
-111.89833329999999,33.5091667,1/10/2005 22:06
-86.39027779999999,35.845555600000004,1/10/2005 5:15
-76.8080556,42.089722200000004,1/10/2006 12:30
-94.55444440000001,39.203888899999995,1/10/2006 18:30
-91.2394444,43.8013889,1/10/2006 4:00
-93.45527779999999,45.0105556,1/10/2006 4:00
-97.48638890000001,35.3394444,1/10/2007 0:05
-76.1011111,40.6547222,1/10/2007 12:00
-117.29111110000001,33.036944399999996,1/10/2007 17:27
-81.40777779999999,28.2916667,1/10/2007 17:45
-86.4525,43.9552778,1/10/2007 18:30
-74.0063889,40.7141667,1/10/2007 18:45
-90.97111109999999,36.2613889,1/10/2007 20:55
-88.0669444,41.8775,1/10/2007 21:00
-90.17944440000001,33.5161111,1/10/2007 21:00
-83.8180556,35.046111100000005,1/10/2007 22:00
-81.6558333,30.331944399999998,1/10/2007 22:00
-88.09611109999999,42.118055600000005,1/10/2007 22:01
-95.8608333,41.2619444,1/10/2007 23:00
-82.95833329999999,38.720833299999995,1/10/2007 23:00
-95.8608333,41.2619444,1/10/2007 23:05
-74.1983333,39.9536111,1/10/2007 23:30
-95.8241667,29.785555600000006,1/10/2007 6:43
-82.8280556,27.976944399999997,1/10/2008 0:00
-82.5308333,27.336111100000004,1/10/2008 19:00
-80.2333333,26.0625,1/10/2008 19:00
-115.1363889,36.175,1/10/2008 19:30
-73.92138890000001,41.7002778,1/10/2008 20:05
-117.70666670000001,33.5225,1/10/2008 22:00
-76.84861109999999,39.099166700000005,1/10/2008 23:00
-96.6702778,35.224444399999996,1/10/2008 2:00
-85.7594444,38.2541667,1/10/2008 3:56
-73.37388890000001,40.6866667,1/10/2008 6:00
-81.3083333,28.698611100000004,1/10/2009 0:00
-117.59222220000001,34.1063889,1/10/2009 10:19
-80.7422222,28.385833299999998,1/10/2009 16:30
-80.7422222,28.385833299999998,1/10/2009 16:30
-98.4933333,29.423888899999998,1/10/2009 17:00
-90.18722220000001,30.63,1/10/2009 17:30
-111.88,40.889444399999995,1/10/2009 18:10
-122.1758333,48.0519444,1/10/2009 18:30
-83.1994444,31.074444399999997,1/10/2009 19:30
-73.0686111,44.4375,1/10/2009 19:30
-80.1938889,25.7738889,1/10/2009 21:10
-84.3983333,39.515,1/10/2009 2:05
-71.63,42.0772222,1/10/2010 0:30
-71.1875,41.966666700000005,1/10/2010 10:30
-78.18,39.6988889,1/10/2010 11:30
-78.78138890000001,35.791388899999994,1/10/2010 14:00
-106.01805559999998,33.0738889,1/10/2010 18:45
-92.4175,30.4941667,1/10/2010 19:00
-94.3356,38.2538,1/10/2010 20:00
-120.45694440000001,34.639166700000004,1/10/2010 20:00
-98.7372222,37.64388889999999,1/10/2010 20:55
-97.6786111,30.508055600000006,1/10/2010 5:45
-116.95777779999999,33.783888899999994,1/10/2010 9:43
-80.0852778,42.1291667,1/10/2011 17:45
-89.4011111,43.0730556,1/10/2011 18:35
-77.9263889,34.5519444,1/10/2011 19:30
-119.69333329999999,37.1283333,1/10/2011 5:30
-88.5694444,41.1897222,1/10/2011 7:00
-117.14305559999998,32.915555600000005,1/10/2011 9:45
-73.6030556,41.561944399999994,1/10/2012 12:46
-84.1297222,44.652222200000004,1/10/2012 16:45
-76.8241667,39.1377778,1/10/2012 17:50
-121.49333329999999,38.5816667,1/10/2012 18:25
-116.77944440000002,47.6777778,1/10/2012 19:00
-88.13972220000001,42.381111100000005,1/10/2012 19:22
-98.5355556,32.110833299999996,1/10/2012 20:00
-94.0697222,38.743055600000005,1/10/2012 20:00
-77.5580556,37.5247222,1/10/2012 20:21
-122.1758333,48.0519444,1/10/2012 21:00
-75.35611109999999,39.849444399999996,1/10/2012 21:00
-73.1633333,42.561944399999994,1/10/2012 21:30
-89.7238889,39.9608333,1/10/2012 22:00
-122.66722220000001,45.0430556,1/10/2012 22:00
-93.61972220000001,42.0347222,1/10/2012 22:30
-87.5558333,37.9747222,1/10/2012 3:30
-79.9961111,40.4405556,1/10/2012 5:15
-95.6961111,30.388055600000005,1/10/2013 12:20
-93.31361109999999,46.6066667,1/10/2013 13:00
-71.5166667,42.1397222,1/10/2013 18:10
-83.1052778,42.485833299999996,1/10/2013 19:00
-77.4313889,38.8941667,1/10/2013 21:05
-83.80888890000001,39.9241667,1/10/2013 22:00
-110.30666699999999,54.203610999999995,1/10/2013 2:28
-114.6236111,32.7252778,1/10/2014 20:00
-83.9208333,35.960555600000006,1/10/2014 20:00
-128.583333,54.5,1/10/2014 20:26
-71.5008333,43.6575,1/10/2014 20:30
-117.9280556,33.618888899999995,1/10/2014 20:50
-85.3419444,42.9336111,1/10/2014 21:15
-157.8036111,21.418055600000002,1/10/2014 22:58
-122.28444440000001,38.2972222,1/10/2014 23:50
-117.86944440000002,33.8722222,1/10/2014 6:00
-106.4863889,31.758611100000003,1/10/2014 6:15
-105.1477778,38.3611111,1/10/2014 6:30
-72.6855556,41.763611100000006,1/10/2014 9:57
-97.33722220000001,37.6922222,1/11/1980 23:00
-86.75805559999999,40.525833299999995,1/11/1990 3:30
-96.89,32.9536111,1/11/1997 22:00
-94.1622222,45.5608333,1/11/1997 5:00
-104.8208333,38.8338889,1/11/1998 0:10
-115.7427778,37.644722200000004,1/11/1998 20:10
-74.90638890000001,38.935,1/11/1998 6:55
-121.9988889,37.8216667,1/11/1999 17:47
-122.7,38.339722200000004,1/11/1999 18:00
-91.0119444,38.5580556,1/11/1999 20:00
-92.46472220000001,47.4888889,1/11/1999 2:45
-121.97694440000001,37.78,1/11/1999 5:47
-122.90583329999998,44.536666700000005,1/11/1999 9:30
-104.98416670000002,39.7391667,1/11/2000 22:10
-117.1563889,32.7152778,1/11/2000 22:40
-87.8819444,41.85055560000001,1/11/2000 2:00
-89.9041667,44.3125,1/11/2001 1:00
-104.60861109999999,38.2544444,1/11/2001 20:45
-89.09388890000001,42.271111100000006,1/11/2001 20:50
-104.8555556,39.3722222,1/11/2001 20:50
-89.0580556,42.32,1/11/2001 21:00
-89.09388890000001,42.271111100000006,1/11/2001 21:00
-89.09388890000001,42.271111100000006,1/11/2001 21:00
-89.09388890000001,42.271111100000006,1/11/2001 21:00
-89.09388890000001,42.271111100000006,1/11/2001 21:00
-89.09388890000001,42.271111100000006,1/11/2001 21:00
-89.09388890000001,42.271111100000006,1/11/2001 21:03
-89.09388890000001,42.271111100000006,1/11/2001 21:10
-89.09388890000001,42.271111100000006,1/11/2001 21:15
-89.09388890000001,42.271111100000006,1/11/2001 21:15
-89.09388890000001,42.271111100000006,1/11/2001 21:15
-89.09388890000001,42.271111100000006,1/11/2001 21:15
-89.09388890000001,42.271111100000006,1/11/2001 21:15
-105.27,40.015,1/11/2001 21:30
-89.09388890000001,42.271111100000006,1/11/2001 21:30
-89.09388890000001,42.271111100000006,1/11/2001 21:30
-89.09388890000001,42.271111100000006,1/11/2001 21:40
-105.07444440000002,40.3977778,1/11/2001 21:45
-103.6233333,40.258888899999995,1/11/2001 21:50
-109.6297222,43.5336111,1/11/2001 21:50
-105.2233333,35.593888899999996,1/11/2001 21:50
-104.60861109999999,38.2544444,1/11/2001 21:50
-108.84083329999999,45.5566667,1/11/2001 21:50
-104.9713889,39.868055600000005,1/11/2001 22:00
-98.1058333,39.4561111,1/11/2001 22:45
-105.5102778,39.961388899999996,1/11/2001 22:53
-89.09388890000001,42.271111100000006,1/11/2001 23:00
-105.08388889999999,40.5852778,1/11/2001 23:20
-89.09388890000001,42.271111100000006,1/11/2001 23:24
-105.5102778,39.961388899999996,1/11/2001 23:53
-75.8377778,41.3116667,1/11/2002 10:00
-97.51611109999999,35.4675,1/11/2002 16:00
-81.02305559999999,29.210555600000003,1/11/2002 18:45
-79.416667,43.8,1/11/2002 19:00
-82.583333,42.05,1/11/2002 20:00
-119.69722220000001,34.4208333,1/11/2002 20:00
-98.4933333,29.423888899999998,1/11/2002 21:40
-81.3083333,28.698611100000004,1/11/2003 12:10
-97.4391667,35.2225,1/11/2003 1:27
-83.55444440000001,35.7883333,1/11/2004 11:00
-122.33083329999998,47.6063889,1/11/2004 16:00
-83.23527779999999,34.3697222,1/11/2004 17:10
-119.43444440000002,48.9391667,1/11/2004 21:15
-73.9875,41.2294444,1/11/2004 21:30
-76.34861109999999,39.5358333,1/11/2005 13:50
-114.08333300000001,51.083333,1/11/2005 17:08
-124.01666670000002,44.9583333,1/11/2005 18:00
-106.4863889,31.758611100000003,1/11/2005 1:00
-120.99583329999999,37.639166700000004,1/11/2005 21:10
-88.13888890000001,42.9058333,1/11/2005 3:35
-82.20388890000001,38.220833299999995,1/11/2006 23:52
-97.1361111,37.71388889999999,1/11/2007 18:55
-123.1975,45.2102778,1/11/2007 19:30
-121.215,37.7975,1/11/2007 20:15
-90.62638890000001,38.800277799999996,1/11/2007 22:19
-89.09388890000001,42.271111100000006,1/11/2007 6:45
-75.70361109999999,40.0063889,1/11/2007 8:30
-122.5788889,47.32944439999999,1/11/2008 1:00
-95.3630556,29.763055600000005,1/11/2008 21:00
-81.795,26.1416667,1/11/2008 23:35
-77.9425,43.0852778,1/11/2008 6:00
-112.07333329999999,33.4483333,1/11/2008 8:30
-117.86694440000001,33.7455556,1/11/2009 0:00
-122.41833329999999,37.775,1/11/2009 0:02
-75.52472220000001,39.158055600000004,1/11/2009 10:10
-81.795,26.1416667,1/11/2009 19:30
-120.63583329999999,43.236388899999994,1/11/2009 20:30
-119.483333,49.9,1/11/2009 20:30
-156.3258333,20.9175,1/11/2009 20:45
-81.95,28.039166700000003,1/11/2010 1:30
-81.8725,26.6402778,1/11/2010 1:40
-94.5130556,37.084166700000004,1/11/2010 21:30
-83.1725,37.0327778,1/11/2010 23:00
-75.0,45.0,1/11/2010 23:25
-117.94055559999998,33.773888899999996,1/11/2011 0:20
-72.4827778,43.298333299999996,1/11/2011 19:45
-89.9858333,32.273055600000006,1/11/2011 20:40
-90.1319444,32.27444439999999,1/11/2011 21:00
-90.87777779999999,32.3525,1/11/2011 21:15
-77.68638890000001,40.8475,1/11/2011 23:43
-119.28333300000001,50.7,1/11/2011 5:11
-75.70361109999999,40.0063889,1/11/2011 5:19
-80.0730556,26.461111100000004,1/11/2011 6:03
-113.5,53.55,1/11/2012 11:15
-98.4933333,29.423888899999998,1/11/2012 13:15
-89.9844444,38.6702778,1/11/2012 17:01
-122.1758333,48.0519444,1/11/2012 17:20
-72.8236111,41.4569444,1/11/2012 17:30
-76.6505556,40.2858333,1/11/2012 17:36
-75.1502778,44.429444399999994,1/11/2012 18:25
-74.1316667,44.32944439999999,1/11/2012 18:30
-119.01583329999998,36.0652778,1/11/2012 18:45
-121.49333329999999,38.5816667,1/11/2012 19:00
-90.48111109999999,38.783888899999994,1/11/2012 19:45
-116.50083329999998,33.961111100000004,1/11/2012 20:00
-121.8047222,38.005,1/11/2012 20:11
-96.8,32.783333299999995,1/11/2012 21:30
-103.7994444,40.2502778,1/11/2012 21:30
-74.3977778,44.8122222,1/11/2012 22:00
-74.70361109999999,44.6902778,1/11/2012 22:00
-74.6636111,44.9738889,1/11/2012 22:00
-118.34194440000002,46.0647222,1/11/2012 22:30
-83.6533333,31.7058333,1/11/2012 22:40
-73.20111109999999,41.2427778,1/11/2012 5:30
-81.3794444,28.538055600000003,1/11/2013 21:30
-80.1938889,25.7738889,1/11/2013 21:50
-79.6944444,34.8847222,1/11/2013 7:30
-122.3075,47.7883333,1/11/2014 0:00
-122.91666699999999,49.216667,1/11/2014 15:30
-93.15638890000001,45.006111100000005,1/11/2014 16:00
-103.5433333,37.985,1/11/2014 16:50
-93.58138890000001,45.57,1/11/2014 17:15
-110.9258333,32.2216667,1/11/2014 18:00
-118.1155556,34.57944439999999,1/11/2014 19:00
-80.08333329999999,26.358333299999998,1/11/2014 19:20
-80.1,26.318055600000005,1/11/2014 19:20
-104.60861109999999,38.2544444,1/11/2014 19:30
-75.8077778,39.5308333,1/11/2014 19:55
-84.33027779999999,38.6766667,1/11/2014 20:00
-122.14194440000001,37.4419444,1/11/2014 21:05
-74.0063889,40.7141667,1/11/2014 22:25
-80.2333333,26.0625,1/11/2014 22:40
-74.1552778,39.9091667,1/11/2014 3:00
-81.20833329999999,28.669722200000002,1/11/2014 4:00
-112.85361110000001,42.78611110000001,1/12/1968 22:00
-108.21805559999999,36.728055600000005,1/12/1973 3:00
-85.6680556,42.963333299999995,1/12/1978 20:00
-85.6680556,42.963333299999995,1/12/1978 20:00
-122.1786111,37.8772222,1/12/1980 23:00
-80.77,41.7386111,1/12/1981 22:00
-71.10611109999999,42.375,1/12/1988 3:30
-88.10638890000001,43.0605556,1/12/1993 19:45
-83.03527779999999,29.1383333,1/12/1994 18:00
-108.5,45.783333299999995,1/12/1997 23:00
-72.15,45.666667,1/12/1998 21:30
-96.8,32.783333299999995,1/12/1999 0:00
-78.7125,40.665,1/12/1999 3:00
-122.09694440000001,47.91305560000001,1/12/2000 18:20
-118.2427778,34.0522222,1/12/2000 1:31
-118.30805559999999,34.180833299999996,1/12/2001 1:30
-115.1363889,36.175,1/12/2001 1:45
-82.5994444,39.7136111,1/12/2001 21:05
-79.99416670000001,37.7933333,1/12/2001 21:30
-97.79388890000001,32.4419444,1/12/2002 13:45
-122.675,45.523611100000004,1/12/2002 16:10
-111.69388889999999,40.296944399999994,1/12/2002 21:00
-112.07333329999999,33.4483333,1/12/2002 21:30
-121.8936111,36.6002778,1/12/2002 21:34
-117.2888889,34.1083333,1/12/2002 2:30
-74.3605556,41.4813889,1/12/2002 6:15
-122.05972220000001,37.9480556,1/12/2003 10:16
-88.8852778,30.3958333,1/12/2003 19:00
-118.30805559999999,34.180833299999996,1/12/2003 1:30
-109.54916670000001,38.5733333,1/12/2003 20:12
-94.4738889,46.33,1/12/2003 5:00
-90.59611109999999,44.56,1/12/2004 18:30
-106.4863889,31.758611100000003,1/12/2004 18:35
-93.84638890000001,41.2097222,1/12/2004 22:30
-93.84638890000001,41.2097222,1/12/2004 22:30
-105.93722220000001,35.686944399999994,1/12/2004 2:00
-72.0680556,42.555555600000005,1/12/2004 2:00
-95.235,38.9716667,1/12/2004 4:00
-124.1625,40.8022222,1/12/2004 7:49
-80.79,41.865,1/12/2005 19:00
-118.13583329999999,34.6980556,1/12/2005 19:05
-72.6,42.5875,1/12/2005 19:30
-122.00833329999999,39.0058333,1/12/2005 1:45
-118.83666670000001,34.17055560000001,1/12/2005 20:01
-121.8363889,39.7286111,1/12/2005 22:15
-89.98388890000001,38.52,1/12/2005 22:47
-105.0161111,39.6133333,1/12/2006 16:34
-76.885,40.2322222,1/12/2006 19:00
-98.2002778,34.8963889,1/12/2006 2:00
-74.9697222,39.7172222,1/12/2006 5:54
-108.77083329999999,45.6691667,1/12/2006 7:00
-72.8075,41.53805560000001,1/12/2007 16:12
-73.5111111,41.9536111,1/12/2007 17:00
-71.0602778,42.3583333,1/12/2007 17:09
-71.2930556,42.2963889,1/12/2007 17:09
-96.8,32.783333299999995,1/12/2007 18:00
-119.1761111,34.1975,1/12/2007 20:00
-79.83722220000001,40.611388899999994,1/12/2008 0:00
-118.49027779999999,34.0194444,1/12/2008 10:38
-82.67944440000001,27.770555600000005,1/12/2008 11:00
-74.92222220000001,39.8911111,1/12/2008 15:30
-103.6916667,39.2638889,1/12/2008 16:00
-80.1875,40.2625,1/12/2008 18:00
-71.125,42.2911111,1/12/2008 19:00
-118.08083329999998,33.902222200000004,1/12/2008 19:20
-83.5619444,35.868055600000005,1/12/2008 19:45
-117.39527779999999,33.9533333,1/12/2008 1:30
-82.17277779999999,36.2841667,1/12/2008 20:45
-114.08333300000001,51.083333,1/12/2008 20:50
-118.3875,33.849166700000005,1/12/2008 23:00
-75.3944444,40.72555560000001,1/12/2008 23:00
-84.1936111,40.5677778,1/12/2008 2:00
-83.2455556,42.583611100000006,1/12/2008 6:55
-82.5166667,35.466111100000006,1/12/2009 10:00
-123.7986111,40.46944439999999,1/12/2009 18:30
-84.4777778,37.9886111,1/12/2009 18:30
-81.43333299999999,42.816666999999995,1/12/2009 20:02
-75.3708333,40.6258333,1/12/2009 20:05
-114.08416670000001,47.161944399999996,1/12/2009 20:30
-92.11916670000001,32.5091667,1/12/2009 21:05
-82.6502778,34.5033333,1/12/2009 3:27
-80.2325,25.9869444,1/12/2009 6:23
-122.34444440000001,37.9622222,1/12/2009 8:30
-81.10416670000001,38.0527778,1/12/2010 0:00
-123.02083329999999,44.0463889,1/12/2010 17:35
-97.33722220000001,37.6922222,1/12/2010 19:00
-77.7041667,35.1452778,1/12/2010 19:20
-88.23138890000001,43.0116667,1/12/2010 19:32
-120.95666670000001,37.595,1/12/2010 22:45
-123.08555559999999,44.0522222,1/12/2010 4:00
-76.6313889,36.9822222,1/12/2011 14:30
-93.6675,46.070555600000006,1/12/2011 18:40
-94.3694444,44.8877778,1/12/2011 19:35
-81.69555559999999,41.499444399999994,1/12/2011 21:10
-88.0430556,30.6941667,1/12/2011 23:00
-82.9375,42.3758333,1/12/2011 23:25
-81.3083333,28.698611100000004,1/12/2011 3:33
-107.46055559999999,45.6016667,1/12/2011 7:35
-121.8938889,37.3394444,1/12/2011 8:52
-80.1938889,25.7738889,1/12/2012 15:00
-119.29222220000001,34.2783333,1/12/2012 18:00
-95.0947222,29.5072222,1/12/2012 19:00
-80.9805556,32.4805556,1/12/2012 1:23
-88.3933333,37.8783333,1/12/2012 1:26
-159.3219444,22.0783333,1/12/2012 1:30
-122.02194440000001,37.2638889,1/12/2012 20:45
-93.1255556,44.7394444,1/12/2012 21:00
-87.8211111,42.5847222,1/12/2012 22:00
-122.41833329999999,37.775,1/12/2012 22:30
-89.6555556,36.1930556,1/12/2012 23:20
-112.0638889,41.0894444,1/12/2013 0:30
-81.3794444,28.538055600000003,1/12/2013 16:45
-121.49333329999999,38.5816667,1/12/2013 17:55
-83.4011111,34.8780556,1/12/2013 19:00
-111.03777779999999,45.6797222,1/12/2013 1:00
-84.6155556,34.0233333,1/12/2013 21:00
-84.6155556,34.0233333,1/12/2013 21:00
-96.7,43.55,1/12/2013 21:00
-81.23638890000001,33.9813889,1/12/2013 22:00
-111.69388889999999,40.296944399999994,1/12/2013 22:15
-122.66027779999999,45.6388889,1/12/2013 5:45
-73.34361109999999,40.900833299999995,1/12/2014 0:05
-98.39,34.608611100000005,1/12/2014 0:56
-78.7819444,40.6591667,1/12/2014 10:00
-77.6613889,39.9375,1/12/2014 11:00
-86.5861111,34.730277799999996,1/12/2014 13:35
-79.4008333,34.17805560000001,1/12/2014 13:35
-80.6083333,28.0833333,1/12/2014 15:30
-90.5925,33.3536111,1/12/2014 17:00
-72.47027779999999,41.9038889,1/12/2014 17:10
-84.55888890000001,38.2097222,1/12/2014 17:15
-74.0125,40.9952778,1/12/2014 17:45
-81.6377778,29.648333299999997,1/12/2014 18:30
-77.61583329999999,43.1547222,1/12/2014 19:30
-70.01611109999999,44.6388889,1/12/2014 19:45
-81.69555559999999,41.499444399999994,1/12/2014 20:15
-82.93222220000001,34.3527778,1/12/2014 20:15
-118.19555559999999,48.296944399999994,1/12/2014 21:05
-84.8408333,33.9236111,1/12/2014 22:35
-74.1866667,40.9355556,1/12/2014 23:30
-70.01611109999999,44.6388889,1/12/2014 23:31
-71.63,42.0772222,1/13/1975 1:30
-122.33083329999998,47.6063889,1/13/1983 17:00
-84.2461111,42.1605556,1/13/1995 22:30
-123.6147222,42.279166700000005,1/13/1996 21:00
-88.0077778,41.88,1/13/1997 17:30
-101.2958333,48.2325,1/13/1998 1:00
-112.3575,33.4352778,1/13/1998 20:40
-82.8544444,40.9622222,1/13/1998 21:00
-89.9530556,38.8113889,1/13/1999 22:45
-92.37222220000001,34.8863889,1/13/1999 23:45
-106.6638889,35.2333333,1/13/1999 7:15
-112.07333329999999,33.4483333,1/13/2000 15:45
-85.7594444,38.2541667,1/13/2000 22:30
-81.6558333,30.331944399999998,1/13/2000 3:00
-118.2427778,34.0522222,1/13/2001 13:00
-108.5852778,37.3488889,1/13/2001 18:00
-104.83138890000001,39.7294444,1/13/2001 19:15
-77.2041667,39.2883333,1/13/2001 19:50
-87.65,41.85,1/13/2001 7:08
-100.5733333,33.2480556,1/13/2001 8:00
-88.2575,42.16861110000001,1/13/2002 0:30
-104.98416670000002,39.7391667,1/13/2002 14:30
-117.2888889,34.1083333,1/13/2002 20:30
-73.8858333,40.7555556,1/13/2002 22:30
-82.80722220000001,37.8144444,1/13/2002 23:53
-87.65,41.85,1/13/2003 21:30
-75.12,39.9258333,1/13/2004 16:00
-75.35611109999999,39.849444399999996,1/13/2004 17:00
-78.8869444,33.688888899999995,1/13/2004 19:50
-95.3630556,29.763055600000005,1/13/2004 20:25
-78.8869444,33.688888899999995,1/13/2004 20:30
-111.89833329999999,33.5091667,1/13/2004 22:00
-89.5744444,44.523611100000004,1/13/2005 18:05
-124.03305559999998,44.8813889,1/13/2005 19:00
-147.7163889,64.8377778,1/13/2005 20:00
-122.23916670000001,47.2033333,1/13/2005 21:00
-147.7163889,64.8377778,1/13/2005 21:00
-88.0111111,41.8088889,1/13/2005 21:20
-70.5666667,41.91861110000001,1/13/2005 22:15
-117.3497222,33.158055600000004,1/13/2005 23:00
-122.07916670000002,47.64194439999999,1/13/2005 2:30
-87.90638890000001,43.038888899999996,1/13/2005 4:08
-87.90638890000001,43.038888899999996,1/13/2005 4:13
-87.90638890000001,43.038888899999996,1/13/2005 4:15
-96.8,32.783333299999995,1/13/2005 5:00
-96.66666670000001,40.8,1/13/2005 5:50
-118.86388889999999,34.841666700000005,1/13/2006 15:12
-94.7872222,35.4602778,1/13/2006 17:30
-94.7872222,35.4602778,1/13/2006 18:36
-73.2108333,40.7297222,1/13/2006 1:30
-121.28,38.707222200000004,1/13/2006 20:00
-71.44027779999999,42.7647222,1/13/2006 4:00
-98.4933333,29.423888899999998,1/13/2007 0:00
-82.4611111,29.048888899999998,1/13/2007 10:10
-118.30805559999999,34.180833299999996,1/13/2007 11:15
-118.2427778,34.0522222,1/13/2007 12:30
-110.9258333,32.2216667,1/13/2007 18:00
-73.733333,45.6,1/13/2007 18:40
-121.2897222,37.9577778,1/13/2007 19:30
-70.3941667,44.0605556,1/13/2007 20:00
-122.1852778,47.1772222,1/13/2007 23:00
-71.9113889,44.213333299999995,1/13/2007 2:50
-122.33083329999998,47.6063889,1/13/2007 3:00
-96.9975,32.7458333,1/13/2008 11:50
-71.4833333,42.675,1/13/2008 17:11
-115.1363889,36.175,1/13/2008 1:00
-92.4419444,35.0886111,1/13/2008 21:00
-122.41833329999999,37.775,1/13/2008 3:00
-74.7094444,40.9027778,1/13/2008 4:30
-71.18166670000001,42.874444399999994,1/13/2008 5:20
-122.41833329999999,37.775,1/13/2009 11:15
-90.1527778,29.983888899999997,1/13/2009 16:15
-88.5369444,41.6627778,1/13/2009 16:25
-98.91861109999999,34.029166700000005,1/13/2009 16:28
-85.7594444,38.2541667,1/13/2009 17:15
-86.0688889,40.7536111,1/13/2009 19:12
-117.70666670000001,33.5225,1/13/2009 19:13
-77.23138890000001,39.8308333,1/13/2009 19:45
-80.3175,25.6788889,1/13/2009 1:20
-80.3175,25.6788889,1/13/2009 1:45
-122.0638889,37.906388899999996,1/13/2009 20:00
-81.4916667,31.1497222,1/13/2009 20:25
-80.1094444,33.825,1/13/2009 21:00
-118.18833329999998,33.76694439999999,1/13/2009 21:30
-122.675,45.523611100000004,1/13/2009 21:43
-77.44722220000001,41.1369444,1/13/2009 3:00
-74.0063889,40.7141667,1/13/2009 4:20
-78.8869444,33.688888899999995,1/13/2009 4:45
-79.8094444,40.3375,1/13/2010 0:45
-87.1638889,30.356944399999996,1/13/2010 17:40
-104.98416670000002,39.7391667,1/13/2010 18:00
-84.0844444,42.4583333,1/13/2010 19:45
-89.17277779999999,33.31,1/13/2010 1:00
-120.99583329999999,37.639166700000004,1/13/2010 23:25
-78.7925,38.8069444,1/13/2011 20:05
-97.23777779999999,33.2613889,1/13/2011 22:45
-71.18166670000001,42.874444399999994,1/13/2011 7:30
-81.3794444,28.538055600000003,1/13/2012 11:00
-117.92444440000001,33.8702778,1/13/2012 17:00
-77.98,34.69,1/13/2012 18:20
-74.2952778,44.84861110000001,1/13/2012 18:30
-97.7427778,30.266944399999996,1/13/2012 19:40
-95.3630556,29.763055600000005,1/13/2012 20:35
-121.7113889,37.9975,1/13/2012 23:04
-75.0894444,38.545,1/13/2012 23:29
-112.07333329999999,33.4483333,1/13/2012 7:00
-124.1625,40.8022222,1/13/2012 9:43
-83.15,42.6055556,1/13/2013 0:40
-89.6661111,37.3822222,1/13/2013 18:15
-82.6930556,35.5363889,1/13/2013 20:00
-76.3455556,37.0297222,1/13/2013 20:00
-80.5886111,28.148611100000004,1/13/2013 20:30
-122.2697222,37.804444399999994,1/13/2013 22:00
-125.0,49.683333000000005,1/13/2013 4:45
-118.2811111,33.83138889999999,1/13/2014 13:45
-77.2280556,38.7041667,1/13/2014 17:50
-96.4,42.5,1/13/2014 18:00
-78.7316667,35.595555600000004,1/13/2014 18:00
-93.88,42.0597222,1/13/2014 18:30
-79.79222220000001,36.0725,1/13/2014 18:45
-74.45138890000001,40.6377778,1/13/2014 1:00
-77.27972220000001,39.2386111,1/13/2014 21:00
-92.12222220000001,38.6402778,1/13/2014 22:22
-72.61527779999999,42.069444399999995,1/13/2014 3:10
-72.77083329999999,42.0547222,1/13/2014 3:15
-101.3491667,37.175277799999996,1/13/2014 6:00
-98.4933333,29.423888899999998,1/13/2014 6:47
-75.66277779999999,41.408888899999994,1/14/1973 19:00
-106.4863889,31.758611100000003,1/14/1977 22:00
-120.7225,37.3869444,1/14/1990 20:00
-71.32777779999999,42.8805556,1/14/1991 20:30
-72.8963889,40.89388889999999,1/14/1993 4:00
-118.8811111,34.2855556,1/14/1994 18:00
-111.89916670000001,40.6111111,1/14/1994 7:10
-112.35722220000001,33.493333299999996,1/14/1998 21:00
-81.5861111,27.901111100000005,1/14/1999 19:00
-122.405,48.0402778,1/14/1999 19:00
-122.33083329999998,47.6063889,1/14/1999 21:50
-122.0625,48.0152778,1/14/1999 22:20
-95.3630556,29.763055600000005,1/14/2000 12:25
-85.7594444,38.2541667,1/14/2000 20:05
-122.33277779999999,48.4213889,1/14/2000 6:30
-105.31666670000001,39.6333333,1/14/2001 20:43
-119.27694440000002,47.1302778,1/14/2001 3:00
-76.9458333,38.9558333,1/14/2002 13:00
-122.675,45.523611100000004,1/14/2002 18:40
-92.445,31.311111100000005,1/14/2002 19:15
-122.685,48.22,1/14/2002 20:30
-75.0852778,38.336388899999996,1/14/2002 22:30
-82.80722220000001,37.8144444,1/14/2002 2:47
-84.0880556,30.4508333,1/14/2003 17:00
-89.77083329999999,43.6275,1/14/2003 19:00
-114.9811111,36.0397222,1/14/2003 19:15
-90.5991667,44.7702778,1/14/2003 19:20
-122.74138889999999,45.8152778,1/14/2003 19:45
-82.1825,41.4527778,1/14/2003 20:00
-86.0688889,40.7536111,1/14/2003 20:00
-94.53277779999999,38.8858333,1/14/2003 23:31
-116.2025,43.6136111,1/14/2003 6:50
-71.1961111,42.5047222,1/14/2004 12:45
-108.3213889,35.578055600000006,1/14/2004 19:00
-98.5316667,43.0672222,1/14/2004 5:40
-94.5783333,39.0997222,1/14/2004 8:30
-82.5155556,40.7583333,1/14/2005 16:10
-86.0688889,40.7536111,1/14/2005 18:15
-84.4777778,37.9886111,1/14/2005 20:15
-98.1241667,29.7027778,1/14/2005 21:25
-72.8430556,40.9502778,1/14/2005 21:30
-89.87,31.961666700000002,1/14/2006 10:10
-96.07722220000001,46.283055600000004,1/14/2006 13:00
-82.8102778,32.9813889,1/14/2006 19:47
-82.50138890000001,35.430555600000005,1/14/2006 20:00
-81.77305559999999,28.5491667,1/14/2006 20:30
-122.675,45.523611100000004,1/14/2006 22:46
-86.39027779999999,35.845555600000004,1/14/2007 17:00
-79.0755556,35.91,1/14/2007 18:23
-122.63138889999999,47.5675,1/14/2007 18:30
-121.865,42.5777778,1/14/2007 19:00
-122.0638889,37.906388899999996,1/14/2007 19:00
-86.86361109999999,30.401388899999997,1/14/2007 21:50
-82.575,27.498611100000005,1/14/2007 23:00
-122.2697222,37.804444399999994,1/14/2007 23:00
-122.66027779999999,45.6388889,1/14/2007 23:00
-90.9808333,38.3452778,1/14/2007 5:00
-98.2019444,32.220555600000004,1/14/2008 0:00
-119.82666670000002,34.4358333,1/14/2008 12:25
-117.7513889,34.0552778,1/14/2008 14:15
-97.9913889,30.3677778,1/14/2008 17:00
-81.3386111,28.7027778,1/14/2008 17:45
-87.78277779999999,42.726111100000004,1/14/2008 18:20
-114.6236111,32.7252778,1/14/2008 19:00
-75.4905556,40.6083333,1/14/2008 1:34
-94.17527779999999,46.7402778,1/14/2008 20:10
-95.2438889,29.423611100000002,1/14/2008 20:30
-81.36583329999999,28.6608333,1/14/2008 21:00
-83.11,34.3461111,1/14/2008 21:00
-123.20666670000001,39.1502778,1/14/2008 6:40
-83.72027779999999,33.9925,1/14/2009 0:00
-75.35611109999999,39.849444399999996,1/14/2009 18:35
-122.26527779999999,46.8675,1/14/2009 19:00
-122.675,45.523611100000004,1/14/2009 19:30
-97.1830556,33.1211111,1/14/2009 1:08
-121.06,39.2191667,1/14/2009 20:00
-116.93333329999999,40.6422222,1/14/2009 20:00
-79.4697222,35.1952778,1/14/2009 20:25
-118.18833329999998,33.76694439999999,1/14/2009 21:00
-84.1708333,31.731944399999996,1/14/2009 21:15
-74.80277779999999,39.6363889,1/14/2009 21:25
-94.1069444,41.8386111,1/14/2009 21:25
-122.5877778,37.9872222,1/14/2009 22:00
-80.0466667,40.904444399999996,1/14/2009 23:00
-83.63,42.9275,1/14/2009 23:15
-84.4777778,37.9886111,1/14/2010 12:09
-93.7319444,36.4852778,1/14/2010 19:30
-88.2611111,43.080555600000004,1/14/2011 0:24
-92.12222220000001,38.6402778,1/14/2011 18:00
-82.5308333,27.336111100000004,1/14/2011 18:00
-83.9208333,35.960555600000006,1/14/2011 1:30
-80.1,26.318055600000005,1/14/2011 21:00
-121.73944440000001,38.545,1/14/2011 22:00
-112.23666670000001,33.580555600000004,1/14/2011 22:05
-123.80333329999999,46.6633333,1/14/2011 23:00
-84.6769444,34.0658333,1/14/2011 3:30
-85.5669444,35.8166667,1/14/2012 11:50
-86.0886111,35.4816667,1/14/2012 15:41
-117.70666670000001,33.5225,1/14/2012 17:50
-72.94555559999999,44.525833299999995,1/14/2012 18:00
-80.9452778,35.0072222,1/14/2012 18:20
-81.93222220000001,34.9494444,1/14/2012 19:00
-80.0366667,26.705277799999998,1/14/2012 19:00
-96.8,32.783333299999995,1/14/2012 20:29
-98.4352778,35.097777799999996,1/14/2012 21:00
-122.63138889999999,47.5675,1/14/2012 21:05
-73.4697222,41.0786111,1/14/2012 21:15
-112.315,34.61,1/14/2012 23:30
-87.90638890000001,43.038888899999996,1/14/2013 0:00
-117.2277778,33.7825,1/14/2013 0:12
-73.0736111,41.673888899999994,1/14/2013 14:00
-71.70277779999999,41.955555600000004,1/14/2013 17:00
-111.89833329999999,33.5091667,1/14/2013 18:00
-87.8447222,42.3636111,1/14/2013 18:00
-112.04694440000002,33.0580556,1/14/2013 20:00
-70.2152778,44.1002778,1/14/2013 20:10
-86.2483333,43.2341667,1/14/2013 21:39
-69.9916667,41.865,1/14/2013 22:25
-3.183333,51.0,1/14/2013 2:15
-117.59222220000001,34.1063889,1/14/2013 7:00
-78.8869444,33.688888899999995,1/14/2014 0:35
-119.483333,49.9,1/14/2014 17:45
-78.9733333,33.6058333,1/14/2014 18:30
-96.2888889,37.8238889,1/14/2014 18:45
-95.82638890000001,37.533888899999994,1/14/2014 18:45
-79.9416667,37.2708333,1/14/2014 19:35
-157.7208333,21.35,1/14/2014 20:50
-122.33083329999998,47.6063889,1/14/2014 21:27
-114.36388889999999,42.533888899999994,1/14/2014 22:40
-87.68472220000001,41.542777799999996,1/14/2014 2:00
-95.43166670000001,29.1691667,1/14/2014 5:15
-95.6305556,31.761944399999997,1/14/2014 6:00
-95.7330556,37.881111100000005,1/14/2014 6:30
-82.18861109999999,36.596388899999994,1/15/1960 22:00
-80.6333333,38.02,1/15/1968 17:30
-64.55,46.0,1/15/1968 19:30
-80.1938889,25.7738889,1/15/1969 23:00
-116.9711111,33.7475,1/15/1970 21:00
-87.4138889,39.466666700000005,1/15/1974 5:00
-73.99888890000001,42.298888899999994,1/15/1975 16:00
-96.3172222,44.000555600000006,1/15/1975 16:00
-80.1938889,25.7738889,1/15/1975 19:00
-75.32055559999999,39.930555600000005,1/15/1975 21:15
-118.83666670000001,34.17055560000001,1/15/1976 20:00
-103.66666670000001,41.8666667,1/15/1977 20:10
-118.2427778,34.0522222,1/15/1979 17:00
-111.89027779999999,40.7608333,1/15/1979 20:30
-79.416667,43.666667,1/15/1980 21:45
-79.9961111,40.4405556,1/15/1980 22:00
-90.2191667,41.789444399999994,1/15/1980 22:00
-90.5775,41.523611100000004,1/15/1981 1:15
-118.18833329999998,33.76694439999999,1/15/1981 20:00
-81.225,36.3433333,1/15/1985 20:50
-76.79472220000001,40.8625,1/15/1985 22:00
-118.2111111,33.9547222,1/15/1985 22:30
-80.3383333,40.8880556,1/15/1985 3:00
-70.1852778,41.6666667,1/15/1986 22:00
-119.24194440000001,34.4480556,1/15/1987 0:00
-92.28944440000001,34.7463889,1/15/1988 18:00
-91.4883333,39.3108333,1/15/1988 23:00
-120.30916670000002,47.4236111,1/15/1989 15:00
-83.7575,34.9491667,1/15/1990 12:30
-88.2477778,40.5675,1/15/1990 18:30
-90.4783333,42.7341667,1/15/1990 1:00
-77.033333,44.2,1/15/1990 22:00
-60.166667000000004,46.15,1/15/1990 22:00
-74.8694444,40.0277778,1/15/1991 22:00
-75.53138890000001,37.978888899999994,1/15/1992 17:30
-100.3816667,35.9127778,1/15/1993 22:30
-85.1797222,42.3211111,1/15/1993 23:00
-106.0427778,39.6302778,1/15/1994 0:00
-118.19583329999999,34.47,1/15/1994 23:00
-75.27472220000001,40.1022222,1/15/1995 21:00
-97.38638890000001,32.3475,1/15/1995 22:00
-89.9780556,42.095,1/15/1995 4:30
-85.8055556,30.176388899999996,1/15/1996 0:00
-86.8025,33.5205556,1/15/1996 22:00
-93.5983333,46.993333299999996,1/15/1996 2:30
-81.035,34.000555600000006,1/15/1997 0:30
-82.9461111,39.60055560000001,1/15/1997 11:30
-73.6583333,40.588333299999995,1/15/1997 17:30
-75.29166670000001,38.5913889,1/15/1997 18:00
-120.5413889,41.4872222,1/15/1997 18:30
-120.54666670000002,46.9966667,1/15/1997 23:00
-78.5686111,33.890555600000006,1/15/1997 4:30
-123.32722220000001,42.4391667,1/15/1998 19:00
-74.7305556,40.508055600000006,1/15/1998 1:00
-74.0063889,40.7141667,1/15/1998 1:00
-96.78944440000001,46.8772222,1/15/1998 20:30
-107.3147222,38.03,1/15/1998 5:00
-81.02305559999999,29.210555600000003,1/15/1998 5:30
-86.3,32.3666667,1/15/1999 13:00
-94.1016667,30.085833299999997,1/15/1999 16:00
-114.08333300000001,51.083333,1/15/1999 17:00
-70.6677778,41.9583333,1/15/1999 17:30
-76.7805556,39.419444399999996,1/15/1999 17:30
-105.21666670000002,38.4,1/15/1999 17:40
-105.21666670000002,38.4,1/15/1999 17:40
-76.6608333,38.7216667,1/15/1999 20:43
-118.13583329999999,34.6980556,1/15/1999 21:00
-74.1683333,39.8666667,1/15/1999 22:01
-78.43,42.0775,1/15/1999 22:30
-119.483333,49.9,1/15/2000 13:52
-94.74027779999999,32.500555600000006,1/15/2000 18:00
-90.1977778,38.6272222,1/15/2000 18:00
-82.0316667,29.7858333,1/15/2000 19:00
-69.7197222,44.765,1/15/2000 19:10
-95.3630556,29.763055600000005,1/15/2000 20:00
-93.21722220000001,30.226388899999996,1/15/2000 20:00
-95.1144444,29.7758333,1/15/2000 22:00
-82.1325,38.4344444,1/15/2000 22:00
-96.78944440000001,46.8772222,1/15/2000 22:30
-85.58722220000001,42.2916667,1/15/2000 23:00
-84.76472220000001,44.3147222,1/15/2000 23:45
-91.53,41.66111110000001,1/15/2001 0:20
-122.66027779999999,45.6388889,1/15/2001 19:45
-118.2427778,34.0522222,1/15/2001 20:00
-121.23083329999999,40.306388899999995,1/15/2001 7:45
-81.5861111,27.901111100000005,1/15/2002 19:00
-81.5861111,27.901111100000005,1/15/2002 19:00
-80.1938889,25.7738889,1/15/2002 19:30
-81.5388889,28.3933333,1/15/2002 19:30
-82.5308333,27.336111100000004,1/15/2002 19:35
-82.0908333,26.975833299999998,1/15/2002 19:40
-113.63333300000001,53.63333299999999,1/15/2002 1:00
-75.1641667,39.9522222,1/15/2002 1:00
-122.0797222,37.6688889,1/15/2002 20:48
-74.86277779999999,39.77638889999999,1/15/2002 21:00
-82.9825,39.3330556,1/15/2002 23:00
-82.67944440000001,27.770555600000005,1/15/2002 7:55
-118.30805559999999,34.180833299999996,1/15/2003 0:15
-74.86277779999999,39.77638889999999,1/15/2003 10:30
-83.0302778,42.5802778,1/15/2003 14:00
-90.0025,43.5325,1/15/2003 19:00
-122.28444440000001,38.2972222,1/15/2003 19:30
-75.0397222,39.4019444,1/15/2003 1:00
-108.55,39.063888899999995,1/15/2003 1:15
-104.616667,50.45,1/15/2003 22:00
-121.2711111,38.644722200000004,1/15/2003 23:00
-105.5725,36.4072222,1/15/2003 2:00
-118.78055559999999,34.2694444,1/15/2003 3:00
-96.9938889,33.046111100000005,1/15/2003 5:15
-80.24638890000001,40.173888899999994,1/15/2003 7:30
-75.98,36.3916667,1/15/2004 0:30
-157.73944440000002,21.402222199999997,1/15/2004 11:00
-82.8555556,38.730277799999996,1/15/2004 20:00
-116.4313889,34.1141667,1/15/2004 22:00
-93.41027779999999,37.6144444,1/15/2004 23:00
-119.75,49.766667,1/15/2004 2:00
-90.1977778,38.6272222,1/15/2004 4:05
-87.94027779999999,41.89944439999999,1/15/2004 5:45
-114.9188889,35.4652778,1/15/2005 10:00
-117.83333329999999,44.775,1/15/2005 12:00
-83.17944440000001,42.1741667,1/15/2005 14:30
-77.46055559999999,37.553611100000005,1/15/2005 15:00
-87.6575,44.0886111,1/15/2005 16:30
-82.14027779999999,29.186944399999994,1/15/2005 19:30
-72.5219444,41.775833299999995,1/15/2005 20:00
-112.07333329999999,33.4483333,1/15/2005 22:00
-72.883333,45.433333000000005,1/15/2005 22:00
-88.04777779999999,42.17055560000001,1/15/2005 23:30
-86.8025,33.5205556,1/15/2005 23:50
-94.1641667,33.1136111,1/15/2005 3:20
-76.25138890000001,36.294444399999996,1/15/2005 4:00
-92.4380556,39.4183333,1/15/2006 10:15
-63.483332999999995,46.216667,1/15/2006 14:00
-111.7602778,34.8697222,1/15/2006 19:30
-89.1333333,38.525,1/15/2006 20:15
-81.77305559999999,28.5491667,1/15/2006 21:00
-76.4175,43.3227778,1/15/2006 21:00
-76.8630556,42.9047222,1/15/2006 2:00
-122.8025,45.4872222,1/15/2007 14:00
-92.90777779999999,42.0494444,1/15/2007 15:00
-91.9444444,47.708611100000006,1/15/2007 17:30
-77.4030556,40.569444399999995,1/15/2007 18:27
-78.87861109999999,35.0525,1/15/2007 19:00
-122.46083329999999,37.7058333,1/15/2007 1:45
-82.3791667,34.17805560000001,1/15/2007 20:00
-81.6558333,30.331944399999998,1/15/2007 21:00
-94.41888890000001,39.2461111,1/15/2007 22:30
-82.8375,34.6833333,1/15/2007 2:30
-81.29888890000001,28.948611100000004,1/15/2007 7:45
-82.1016667,41.4875,1/15/2008 0:00
-89.4794444,41.83888889999999,1/15/2008 11:58
-117.2888889,34.1083333,1/15/2008 12:00
-89.6525,30.616666700000003,1/15/2008 18:00
-79.0561111,35.91305560000001,1/15/2008 19:00
-81.64111109999999,40.5030556,1/15/2008 1:00
-77.1530556,39.0838889,1/15/2008 1:50
-86.1180556,39.978333299999996,1/15/2008 20:30
-78.1555556,36.3983333,1/15/2008 21:00
-96.8741667,46.46944439999999,1/15/2008 21:00
-115.585,40.7266667,1/15/2008 22:00
-105.21666670000002,38.4,1/15/2008 22:10
-90.1977778,38.6272222,1/15/2008 23:00
-118.21916670000002,33.8958333,1/15/2008 23:20
-118.18833329999998,33.76694439999999,1/15/2008 23:45
-94.99638890000001,30.497777799999998,1/15/2008 5:29
-98.12361109999999,31.703611100000003,1/15/2008 6:20
-91.7230556,30.3458333,1/15/2008 6:48
-93.4666667,33.0058333,1/15/2008 7:47
-82.07055559999999,36.1961111,1/15/2008 8:56
-117.20777779999999,34.1283333,1/15/2008 9:10
-77.1530556,39.0838889,1/15/2009 0:05
-84.01777779999999,33.6675,1/15/2009 12:00
-111.63361110000001,33.248611100000005,1/15/2009 14:04
-77.4305556,34.7538889,1/15/2009 15:00
-95.3630556,29.763055600000005,1/15/2009 18:10
-86.8025,33.5205556,1/15/2009 18:15
-68.67944440000001,44.7527778,1/15/2009 19:00
-72.07888890000001,41.35,1/15/2009 19:15
-90.3225,38.7891667,1/15/2009 1:00
-74.08722220000001,41.7475,1/15/2009 20:00
-73.2933333,40.8427778,1/15/2009 21:00
-83.2455556,32.6055556,1/15/2009 21:00
-125.983333,55.483332999999995,1/15/2009 22:00
-82.0455556,26.929444399999994,1/15/2009 23:35
-77.53611109999999,35.896666700000004,1/15/2009 4:00
-88.20388890000001,41.6269444,1/15/2009 9:00
-117.3497222,33.158055600000004,1/15/2010 0:18
-79.79222220000001,36.0725,1/15/2010 10:00
-95.883333,50.15,1/15/2010 13:00
-118.18833329999998,33.76694439999999,1/15/2010 16:55
-118.03194440000001,33.9791667,1/15/2010 19:30
-111.9086111,33.4147222,1/15/2010 19:30
-119.01777779999999,35.3733333,1/15/2010 1:00
-82.5466667,35.7527778,1/15/2010 22:10
-114.6236111,32.7252778,1/15/2010 23:35
-72.85861109999999,41.6744444,1/15/2010 23:40
-111.89833329999999,33.5091667,1/15/2011 0:00
-84.4569444,39.161944399999996,1/15/2011 1:00
-114.405,42.936111100000005,1/15/2011 1:30
-90.9530556,30.575555600000005,1/15/2011 20:00
-111.78833329999999,33.3527778,1/15/2011 20:49
-72.65138890000001,44.171944399999994,1/15/2011 22:40
-93.2775,44.7677778,1/15/2011 22:43
-87.9738889,41.7519444,1/15/2011 23:30
-91.2341667,30.288888899999996,1/15/2011 4:45
-71.55,41.921944399999994,1/15/2012 17:00
-111.8219444,33.4222222,1/15/2012 18:00
-111.8219444,33.4222222,1/15/2012 18:20
-123.83,46.188055600000006,1/15/2012 18:40
-73.73388890000001,41.3722222,1/15/2012 19:00
-82.2544444,34.7369444,1/15/2012 20:20
-82.3880556,28.555,1/15/2012 20:30
-123.26083329999999,44.5647222,1/15/2012 20:35
-93.9738889,36.4483333,1/15/2012 21:00
-89.335,37.764444399999995,1/15/2012 21:24
-122.57583329999999,45.1475,1/15/2012 22:18
-75.4905556,40.6083333,1/15/2012 23:20
-81.3794444,28.538055600000003,1/15/2012 4:00
-93.3869444,45.1977778,1/15/2012 8:30
-82.5155556,40.7583333,1/15/2013 17:00
-78.8905556,34.0561111,1/15/2013 18:30
-112.07333329999999,33.4483333,1/15/2013 19:30
-111.2247222,32.4366667,1/15/2013 20:00
-98.4933333,29.423888899999998,1/15/2013 20:15
-73.8655556,41.038888899999996,1/15/2013 2:20
-122.89944440000001,47.03805560000001,1/15/2013 5:30
-94.1677778,42.4975,1/15/2013 7:00
-78.8905556,34.0561111,1/15/2013 9:35
-84.2808333,30.438055600000006,1/15/2014 12:00
-91.9091667,35.8163889,1/15/2014 13:00
-117.69722220000001,33.466944399999996,1/15/2014 14:30
-92.605,32.9358333,1/15/2014 14:30
-86.7522222,33.5008333,1/15/2014 17:45
-78.6144444,35.711111100000004,1/15/2014 19:00
-86.8025,33.5205556,1/15/2014 19:30
-156.4655556,20.785,1/15/2014 19:30
-79.9219444,33.404166700000005,1/15/2014 19:45
-84.01777779999999,33.6675,1/15/2014 20:00
-84.1430556,33.89,1/15/2014 20:00
-82.4780556,34.618333299999996,1/15/2014 20:00
-121.9488889,37.2872222,1/15/2014 20:10
-83.9008333,33.83888889999999,1/15/2014 20:15
-83.86027779999999,33.5966667,1/15/2014 20:30
-99.82777779999999,28.6772222,1/15/2014 20:45
-84.5958333,33.396666700000004,1/15/2014 21:00
-84.5958333,33.396666700000004,1/15/2014 21:00
-71.94,43.3638889,1/15/2014 21:10
-156.36944440000002,20.9033333,1/15/2014 3:30
-121.0811111,38.6858333,1/15/2014 5:30
-81.5861111,27.901111100000005,1/16/1970 19:00
-73.6258333,40.58888889999999,1/16/1986 9:10
-109.54916670000001,38.5733333,1/16/1997 18:00
-97.9644444,29.568611100000002,1/16/1997 6:30
-81.035,34.000555600000006,1/16/1998 17:00
-83.7736111,34.4777778,1/16/1999 19:00
-82.72,32.7291667,1/16/1999 4:45
-93.8766667,45.3933333,1/16/2000 18:00
-121.73944440000001,38.545,1/16/2000 19:00
-86.39944440000001,35.71,1/16/2000 1:30
-77.72027779999999,39.6416667,1/16/2000 20:50
-82.3219444,32.2041667,1/16/2000 21:00
-122.2336111,47.381111100000005,1/16/2001 0:30
-76.4969444,42.4405556,1/16/2001 6:30
-78.8644444,43.038611100000004,1/16/2002 0:10
-122.2697222,37.804444399999994,1/16/2002 19:30
-84.2808333,30.438055600000006,1/16/2002 21:30
-71.1430556,42.9908333,1/16/2002 22:00
-122.675,45.523611100000004,1/16/2002 22:05
-72.77083329999999,42.0547222,1/16/2002 22:15
-86.16638890000002,34.2005556,1/16/2003 0:30
-118.78055559999999,34.2694444,1/16/2003 14:00
-75.51527779999999,40.1302778,1/16/2003 14:02
-103.18388890000001,48.6305556,1/16/2003 16:30
-87.3769444,44.834166700000004,1/16/2003 18:30
-117.08555559999999,33.1191667,1/16/2003 22:00
-122.13305559999999,38.0194444,1/16/2003 23:35
-96.8,32.783333299999995,1/16/2003 7:00
-106.4863889,31.758611100000003,1/16/2003 7:26
-84.21722220000001,33.8544444,1/16/2003 7:30
-73.5863889,43.3005556,1/16/2003 9:40
-117.2888889,34.1083333,1/16/2004 23:00
-75.0730556,40.2077778,1/16/2004 23:11
-74.6175,40.9483333,1/16/2004 4:00
-117.1563889,32.7152778,1/16/2005 10:42
-105.03666670000001,39.8366667,1/16/2005 14:00
-118.04583329999998,34.0519444,1/16/2005 15:30
-94.9772222,29.7352778,1/16/2005 17:48
-98.4933333,29.423888899999998,1/16/2005 1:00
-83.92944440000001,42.6072222,1/16/2005 8:00
-70.1036111,43.856944399999996,1/16/2006 21:00
-72.8236111,41.4569444,1/16/2006 22:15
-69.50361109999999,44.6377778,1/16/2006 23:00
-97.5858333,33.2341667,1/16/2006 23:00
-97.166667,49.883333,1/16/2006 3:25
-89.24416670000001,45.9172222,1/16/2007 0:10
-77.1530556,39.0838889,1/16/2007 11:30
-82.45861109999998,27.947222200000002,1/16/2007 12:00
-118.30805559999999,34.180833299999996,1/16/2007 17:50
-85.2722222,41.5325,1/16/2007 18:00
-86.27444440000001,34.6277778,1/16/2007 18:00
-80.0055556,35.955555600000004,1/16/2007 18:30
-90.0255556,38.6366667,1/16/2007 20:00
-80.0055556,35.955555600000004,1/16/2007 21:00
-121.65444440000002,36.6777778,1/16/2007 21:30
-96.615,33.1975,1/16/2007 22:00
-76.2766667,39.9791667,1/16/2007 23:30
-73.1483333,44.5438889,1/16/2007 6:00
-71.1555556,41.7013889,1/16/2008 0:00
-72.6625,40.9169444,1/16/2008 11:30
-87.34638890000001,41.5933333,1/16/2008 20:00
-86.0775,40.866111100000005,1/16/2008 21:00
-74.36583329999999,40.4147222,1/16/2008 23:00
-71.9630556,41.8975,1/16/2008 5:00
-95.8544444,36.2694444,1/16/2008 5:07
-70.7222222,41.7625,1/16/2008 5:25
-70.6188889,41.6458333,1/16/2008 5:30
-114.22916670000001,33.663888899999996,1/16/2008 5:58
-87.65,41.85,1/16/2008 6:00
-112.07333329999999,33.4483333,1/16/2008 9:00
-110.9258333,32.2216667,1/16/2009 16:10
-93.8744444,45.171944399999994,1/16/2009 18:30
-106.65055559999999,35.084444399999995,1/16/2009 18:30
-117.04416670000002,46.416388899999994,1/16/2009 18:30
-122.41833329999999,37.775,1/16/2009 18:30
-84.3880556,33.7488889,1/16/2009 19:30
-117.9136111,33.8352778,1/16/2009 20:30
-84.48638890000001,43.9808333,1/16/2009 20:45
-73.7433333,42.6425,1/16/2009 22:00
-117.1563889,32.7152778,1/16/2009 23:25
-119.01777779999999,35.3733333,1/16/2009 8:00
-118.44805559999999,34.1866667,1/16/2009 9:00
-116.2025,43.6136111,1/16/2010 19:30
-117.56555559999998,33.8752778,1/16/2010 19:49
-117.56555559999998,33.8752778,1/16/2010 20:00
-71.475,42.0866667,1/16/2010 20:40
-121.06,39.2191667,1/16/2010 20:50
-114.9811111,36.0397222,1/16/2010 21:20
-104.5225,33.3941667,1/16/2011 14:30
-85.2569444,34.9488889,1/16/2011 19:00
-87.31277779999999,35.4347222,1/16/2011 19:00
-73.49861109999999,41.281388899999996,1/16/2011 19:10
-77.2016667,39.1433333,1/16/2011 20:12
-71.38305559999999,41.8786111,1/16/2011 21:00
-74.0063889,40.7141667,1/16/2011 22:12
-122.40666670000002,37.6547222,1/16/2011 23:00
-111.78833329999999,33.3527778,1/16/2012 0:00
-72.8972222,41.3958333,1/16/2012 20:15
-122.8213433,49.13635335,1/16/2012 23:00
-122.48694440000001,48.7597222,1/16/2012 3:30
-89.88305559999999,38.7291667,1/16/2013 1:30
-122.20305559999998,47.0980556,1/16/2013 20:04
-123.83,46.188055600000006,1/16/2013 23:20
-111.51694440000001,32.9777778,1/16/2013 7:50
-81.3147222,29.894444399999998,1/16/2013 9:50
-111.1761111,45.7761111,1/16/2014 17:30
-105.21666670000002,38.4,1/16/2014 18:00
-98.22972220000001,26.203055600000003,1/16/2014 18:15
-86.8025,33.5205556,1/16/2014 18:27
-78.78138890000001,35.791388899999994,1/16/2014 18:30
-73.83277779999999,43.2444444,1/16/2014 18:40
-93.11972220000001,36.685,1/16/2014 19:00
-96.0086111,35.9552778,1/16/2014 19:00
-122.3402778,47.7558333,1/16/2014 1:00
-83.3625,33.5683333,1/16/2014 20:00
-76.10472220000001,40.5127778,1/16/2014 20:00
-80.28,26.683333299999997,1/16/2014 21:25
-81.77305559999999,28.5491667,1/16/2014 22:00
-117.14555559999998,33.728333299999996,1/16/2014 22:00
-84.5086111,39.083611100000006,1/16/2014 23:00
-80.1938889,25.7738889,1/16/2014 23:00
-89.9772222,34.6916667,1/16/2014 23:16
-113.5,53.55,1/16/2014 8:30
-73.7566667,42.6525,1/17/1975 18:00
-121.5552778,39.5138889,1/17/1981 21:00
-80.6763889,41.8908333,1/17/1988 2:00
-105.59055559999999,41.3113889,1/17/1989 20:00
-118.2427778,34.0522222,1/17/1994 5:00
-149.90027780000003,61.2180556,1/17/1995 22:45
-76.6594444,39.6408333,1/17/1999 22:47
-90.4405556,31.578888899999995,1/17/1999 23:00
-75.1641667,39.9522222,1/17/2000 18:05
-121.5552778,39.5138889,1/17/2000 18:20
-111.55138889999999,45.8925,1/17/2000 20:30
-122.1952778,39.7475,1/17/2000 21:40
-79.9961111,40.4405556,1/17/2000 22:10
-85.3063889,37.1027778,1/17/2000 4:30
-73.59527779999999,42.3641667,1/17/2001 19:45
-71.41666670000001,41.7,1/17/2001 23:22
-72.20138890000001,42.1227778,1/17/2001 6:55
-93.55722220000001,41.35805560000001,1/17/2002 22:00
-123.0338889,44.9430556,1/17/2002 22:00
-79.795,32.786666700000005,1/17/2003 0:30
-76.2305556,40.783888899999994,1/17/2003 12:00
-92.4341667,31.322222200000002,1/17/2003 17:30
-89.5744444,44.523611100000004,1/17/2003 18:00
-80.1938889,25.7738889,1/17/2003 20:00
-122.30333329999999,47.9447222,1/17/2003 20:00
-123.10472220000001,44.6366667,1/17/2003 20:20
-95.6969444,29.968888899999996,1/17/2003 21:30
-118.2427778,34.0522222,1/17/2003 21:50
-122.5786111,38.578888899999995,1/17/2003 22:30
-118.4488889,34.2247222,1/17/2003 22:35
-104.8208333,38.8338889,1/17/2003 4:55
-104.8208333,38.8338889,1/17/2003 5:10
-118.30805559999999,34.180833299999996,1/17/2003 6:12
-91.58027779999999,41.6763889,1/17/2003 9:00
-117.3,34.4263889,1/17/2004 10:00
-111.8219444,33.4222222,1/17/2004 18:00
-122.01805559999998,37.595833299999995,1/17/2004 18:20
-113.0125,48.5569444,1/17/2004 19:30
-114.32166670000001,34.4838889,1/17/2004 20:30
-123.08555559999999,44.0522222,1/17/2004 22:40
-94.8188889,38.8813889,1/17/2005 18:39
-114.08333300000001,51.083333,1/17/2005 20:35
-117.1563889,32.7152778,1/17/2005 23:05
-121.8938889,37.3394444,1/17/2005 5:30
-112.07333329999999,33.4483333,1/17/2006 15:20
-66.633333,45.95,1/17/2006 17:30
-121.175,38.67805560000001,1/17/2006 18:00
-75.3963889,40.0891667,1/17/2006 22:30
-97.9366667,27.956388899999997,1/17/2006 6:00
-80.2444444,36.0997222,1/17/2007 0:15
-88.04166670000001,42.34444439999999,1/17/2007 10:30
-117.7822222,33.5422222,1/17/2007 16:30
-117.26444440000002,32.959444399999995,1/17/2007 18:15
-117.9280556,33.618888899999995,1/17/2007 18:40
-75.35611109999999,39.849444399999996,1/17/2007 19:32
-80.1938889,25.7738889,1/17/2007 1:30
-81.60194440000001,28.161111100000003,1/17/2007 20:00
-87.8891667,41.5261111,1/17/2007 20:02
-75.9952778,41.018055600000004,1/17/2007 20:30
-79.64138890000001,39.6586111,1/17/2007 20:45
-112.7161111,32.9477778,1/17/2007 9:00
-117.90666670000002,34.1336111,1/17/2008 14:35
-76.6125,39.2902778,1/17/2008 18:15
-117.40833329999998,34.5827778,1/17/2008 18:30
-70.9969444,43.7611111,1/17/2008 18:40
-79.233333,43.166667,1/17/2008 1:00
-81.8308333,30.561944399999994,1/17/2008 20:00
-95.89944440000001,29.689722200000002,1/17/2008 21:15
-77.72027779999999,39.6416667,1/17/2008 2:04
-74.4019444,40.6983333,1/17/2008 5:00
-74.0108333,41.5033333,1/17/2008 6:04
-96.2275,32.133055600000006,1/17/2008 7:55
-122.4275,37.4636111,1/17/2008 8:00
-112.07333329999999,33.4483333,1/17/2009 15:32
